,A01_02,B05_06,B07_08,B09,C10T12,C13T15,C16,C17_18,C19,C20,C21,C22,C23,C24,C25,C26,C27,C28,C29,C31T33,D,E,F,G,H49,H51,H52,I,J58T60,J61,J62_63,K,L,M,N
A01_02,0.070793661138917,1.5827008684807233e-05,7.5509310297959744e-06,0.0003532777279933,0.1837630883445674,0.0257274655657477,0.2705416781041266,0.0001590574013691,4.410344315580717e-06,0.0015086846703037,0.005994315031314,0.0162202487068232,0.0,3.995289763647069e-05,8.59124981206641e-06,0.000151486546525,3.956279514744334e-05,0.0,1.821159828401215e-05,0.0027728786517177,2.074615010728723e-05,0.0003789744950164,0.0011101872987558,0.0036013138978428,1.6669941119386546e-05,0.0,1.553168852751827e-05,5.983802107859334e-05,1.0790163686783129e-05,0.0,3.6292371343543586e-05,2.8601869132147785e-05,6.987597712819516e-06,2.4291655330560848e-06,1.8270246173296937e-06
B05_06,0.0,0.0348436871865592,0.0,0.0153115737230302,0.0,0.0,0.0,0.0,0.4494523087417434,0.2058300117936962,0.129499384225671,0.0,3.430666235382911e-05,0.0147846749095802,0.0,0.0,9.710867899827002e-05,0.0,0.0,0.0042386117345148,0.0734176614939599,0.0,0.0,0.0,0.0,0.0,0.0,0.0,0.0,0.0,0.0,0.0,0.0,0.0,0.0
B07_08,0.0018804955613787,0.0002236883894119,0.0323783922557651,0.0058850899565726,0.0004625499992552,0.0002076437322128,0.0,0.0029976202565718,0.0002528597407599,0.0143892828232194,0.0001050610229441,0.0004552859799345,0.1169367091089089,0.0966649844393977,0.000133164372087,3.2784401859893035e-05,0.0004136110401778,0.0002188111987571,0.0002447183519414,0.0014609274005584,0.0082036204995672,0.0031644370333876,0.0136064458587171,5.276154846576632e-05,0.0001238338483154,0.0,0.0001786144180664,0.0005047206995324,0.0,0.0,0.0,1.7876168207592366e-06,1.3975195425639034e-06,9.71666213222434e-06,9.135123086648468e-06
B09,3.8338339681523414e-06,0.0142569694232743,0.0009514173097542,0.0132694561246294,8.274597482205478e-07,0.0,0.0,0.0,0.0,0.0,0.0,0.0,0.0,0.0,0.0,1.1304966158583806e-06,3.5966177406766675e-06,0.0,0.0,0.0,2.9637357296124624e-06,3.789744950164854e-05,0.0005254644676573,1.3528602170709314e-06,1.190710079956182e-06,0.0,0.0,5.203306180747247e-06,0.0,0.0,0.0,3.575233641518473e-06,6.987597712819517e-07,0.0,0.0
C10T12,0.0498647615067734,7.807990951171568e-05,0.0003548937584004,0.000310195078238,0.0831406731219559,0.0135171998224849,0.0002516241193155,0.0035482035690033,2.7932180665344545e-05,0.0032655723024961,0.0103426740365028,0.001206782115489,0.0008821713176698,0.0005467238623938,0.0005068837389119,0.0004126312647883,0.0005970385449523,0.0004102709976696,0.0003505732669672,0.0006679898311763,0.0003111922516093,0.0008716413385379,0.0003422472827319,0.003433559230926,0.0001321688188751,0.0006146790075298,0.000256272860704,0.0589352474562337,0.0014027212792818,9.991362306135342e-05,0.0028670973361399,0.0013800401856261,0.0001327643565435,0.0005902872245326,0.0006887882807332
C13T15,0.0008798648956909,1.2661606947845786e-05,0.0005436670341453,0.0002843454883849,0.0006561755803388,0.1385920126377675,0.0022188672339646,0.0142295198301756,0.000220517215779,0.0004347607437004,0.0002334689398759,0.0069115702978009,0.0006861332470765,0.0004436874421734,0.0008075774823342,0.0023729123966867,0.0010502123802775,0.0008643042350907,0.0108802917498045,0.0148495581175181,0.0004564153023603,0.0014211543563118,0.0004510891747668,0.0012148684749296,0.0005393916662201,0.0002955187536201,0.0050866279927622,0.0030699506466408,0.0015106229161496,0.0001837121456289,0.0010161863976192,0.0001966378502835,0.0001467395519692,0.0011174161452057,0.0013465171429719
C16,0.0006728378614107,0.0001255609355661,0.0001434676895661,0.0076170124767353,0.001170855543732,0.0005985025222606,0.0656281453014914,0.0024898600906627,0.0001543620510453,0.0002222470965931,0.0005194683912239,0.0009215427063734,0.0028180472647788,0.0005677517032551,0.0020661955798019,0.0014798200701586,0.0009423138480572,0.0014660350316729,0.0007216345820039,0.0478742064617203,8.891207188837386e-06,7.579489900329708e-05,0.0062783631388792,0.0017911869274019,2.381420159912364e-06,0.0002482357530408,0.0002407411721765,2.6016530903736236e-05,0.0001186918005546,0.0008669924065646,7.258474268708717e-05,3.217710277366626e-05,1.6770234510766838e-05,4.129581406195344e-05,7.125396007585805e-05
C17_18,0.0015642042590061,1.4771874772486749e-05,0.0004606067928175,0.0002412628386296,0.0054074494546212,0.008594821935321,0.0010293713972001,0.1909361751589044,0.0001117287226613,0.0042713620826986,0.0076169241634516,0.0066976407409642,0.0143744915262543,0.0008390108503658,0.0042268949075366,0.0066834959929547,0.0058552936818216,0.0018106626697154,0.0029514171469027,0.0082609677682892,0.0003200834587981,0.0014780005305642,0.0008308264425329,0.0047733417992319,0.0005036703638214,0.0003664432544889,0.0036887760252855,0.0037099573068727,0.0062798752657077,0.0003738703314553,0.0006895550555273,0.0113656677463872,0.0033764072148343,0.0070542967079948,0.0161892651341584
C19,0.0123756160491957,0.0056935025908813,0.0582629838259057,0.0046184600537671,0.0104913621476883,0.006363669675465,0.0190090584682953,0.0162238549396499,0.1907767939443032,0.0104780583714965,0.004681052244512,0.005880320126383,0.056900049989708,0.0135166961056438,0.0084323116905431,0.0018483619669284,0.0037656587744884,0.0049670142117873,0.0013726992206574,0.0109425384574721,0.0689839128424596,0.0197445711903588,0.0140823267977808,0.0038669254537944,0.1212940637148963,0.2482121115405983,0.0047604625336843,0.009839451987793,0.0045534490758224,0.005840112418941,0.0005806779414966,0.0004719308406804,0.0111962278152507,0.0076858797465894,0.0049731610083714
C20,0.0362009772442784,0.0211396079333408,0.019836295815274,0.0156907010408768,0.0127470174213375,0.0395215236978498,0.0194665568670509,0.0417097447128708,0.0046881960074623,0.1825897789046949,0.1143589234747182,0.2057014969583605,0.0528420619284265,0.023917066195643,0.0148327928005326,0.0082356678465283,0.0142749758127456,0.0063509950439263,0.0108336245292017,0.0307275322341136,0.0753381622467487,0.0792814643574487,0.0096572992093845,0.002849574570557,0.0024040436514315,0.0006737827582538,0.0172091108884902,0.0087545626491072,0.0129589865878265,0.0016372942101666,0.0006895550555273,0.0021111754653166,0.0030451950832467,0.0035344358505966,0.0048891178759742
C21,0.0020376827540729,0.0001899241042176,0.0003095881722216,0.0002929620183359,0.0009730926639073,0.0005537166192343,0.00020587427944,0.0014192814276013,4.410344315580718e-05,0.0016287305472956,0.0722761470620852,0.0019089098917735,0.0005293027906019,0.0002481285221633,0.0003092849932343,0.0004318497072579,0.0008020457561708,0.00030633567826,0.0008286277219225,0.0005862932331188,0.0007142603108366,0.0008716413385379,0.0001245634986621,9.379830838358458e-05,4.643769311829109e-05,0.0002009527524616,0.0009474330001786,0.0001769124101454,0.000841632767569,0.0010700426727861,0.0010887711403063,0.0002306025698779,8.874249095280785e-05,0.0014356368300361,0.0005535884590508
C22,0.0019667568256621,0.0003038785667482,0.00110998686138,0.0007324050458399,0.010246434062215,0.0089449662680721,0.005718729984445,0.010626257929929,0.0001852344612543,0.0030043914079596,0.0035078708216355,0.0201368052089104,0.0024112682682977,0.0010114391454285,0.0072639017161021,0.0128458330459987,0.0173321008923208,0.008292944432896,0.0332760047395684,0.0167093571438869,0.0002370988583689,0.0025770265661121,0.0069900681773518,0.0051516917066061,0.0019206153589693,5.910375072402094e-05,0.006865006329163,0.0035668663869022,0.000496347529592,0.0005704745574793,0.001669449081803,0.0002395406539817,0.0002718175510286,0.0008113412880407,0.0012679550844268
C23,0.0015527027571016,0.0002268537911489,0.0010797831372608,0.0158888812297511,0.0087752106298789,0.0003623586699401,0.0029508646719736,0.0002385861020536,7.644596813673245e-05,0.00028389227667,0.0024397504217032,0.0012671212212635,0.074420952548985,0.0005256960215325,0.0062973861122446,0.0026216216521755,0.007685972111826,0.0027515508243711,0.0049034728379702,0.0088136212257373,5.334724313302432e-05,0.0074089513775722,0.044664479750873,0.0011120510984323,0.0001917043228729,0.0017967540220102,0.0007843502706396,0.0047376102775703,0.0021472425736698,5.801436177756005e-05,0.0001451694853741,6.614182236809176e-05,0.0008182476921711,0.0002210540635081,0.0005407992867295
C24,0.0021737838599423,0.0008546584689795,0.0003548937584004,0.037232025918522,0.0016466448989588,0.0009486468550117,0.0008006221978223,0.0026244471225904,0.0001323103294674,0.0008143652736478,0.0006712232021432,0.0079263643494621,0.0093706197743601,0.1723357725628732,0.1861852703021972,0.0085341189531149,0.1482274069465075,0.1317079308118989,0.0623235040025678,0.0683175787050608,0.0005008713383045,0.0063667715162769,0.0388245075660231,0.0005623388968958,0.000325063851828,0.000721065758833,0.0005746724755181,0.0002445553904951,0.0014782524250892,0.0003899854319491,0.0045728387892864,0.0002466911212647,0.0001027176863784,0.0003425123401609,0.0003562698003792
C25,0.0013265065529807,0.0006742305699727,0.0015479408611081,0.0238591714344799,0.0032130262023403,0.0021985806940186,0.0023789916735291,0.0012846943956736,0.0033195191548604,0.0010933908255749,0.0002217954928821,0.0090618366126723,0.002577900628302,0.0143325763310623,0.0689147103674907,0.0089750126332996,0.0270465654098885,0.0234127982670153,0.0291840862501294,0.016363348022702,0.0007972449112657,0.0027854625383711,0.0176583876283049,0.0013348220808433,0.0002571933772705,0.0007919902597018,0.0020424170413686,0.0007466744369372,0.0054058720070783,0.0007928629442933,0.0010161863976192,0.0026349471937991,0.0002857927464543,0.0004639706168137,0.0017886571003657
C26,0.0005214014196687,0.0005718825804777,0.0006569309995922,0.0024987936858068,0.0012767703915043,0.0165382125538957,0.0006862475981334,0.0064051192012871,0.0003807597259118,0.0017244428005729,0.0008054678425718,0.0077727738983999,0.002225032101234,0.0035242661283539,0.0117442384930947,0.0124230273116677,0.0600922892112257,0.0132599586446834,0.052458508857097,0.0224377303723923,0.0048664540680236,0.0047750786372077,0.0049946334900455,0.0021654782541248,0.0008870790095673,0.0008983770110051,0.0090006135016968,0.0019096133683342,0.0288421075347713,0.0766273028478605,0.0578500399216084,0.0027082394834502,0.0003731377178645,0.0058834389210618,0.0038002112040457
C27,0.0001591041096783,0.0001624906224973,0.0010571303441714,0.0018353208795753,0.0004302790690746,0.0016774356406216,0.0003888736389422,0.0009788147776561,0.0002749114623378,0.0004250272942145,0.0002042853223914,0.0030443821549837,0.0006175199223689,0.0040184203885944,0.0072338323417599,0.0248969269710491,0.056851736626876,0.0183473190157872,0.0223752249416944,0.012994564773388,0.0046026815880881,0.0007579489900329,0.0095520853804175,0.0004789125168431,0.0011537980674775,0.0009929430121635,0.0008930720903323,0.0012019637277526,0.0033773212339631,0.0097625278791238,0.0015605719677723,0.0001966378502835,0.0003954980305455,0.0002744957052353,0.0005700316806068
C28,0.000277952962691,0.0001392776764263,0.0035791413081232,0.0070741710898187,0.0008870368500924,0.0019502225045091,0.0013953701162045,0.0012235184720701,0.0001514218215016,0.0004672055753198,0.0002568158338635,0.0025013302030136,0.0018770645259309,0.0030847842543527,0.0076118473334908,0.0129860146263652,0.0087613608162883,0.0358905068761419,0.0116440406528402,0.0045894265379384,0.000198570293884,0.0018001288513283,0.0025348067300569,0.0008130689904596,0.0026493299279025,0.0011229712637563,0.0038285612220332,0.0002237421657721,0.0024925278116469,0.0011538411953536,0.002141249909269,0.0003539481305103,0.0001180904013466,0.0004396789614831,0.0009043771855781
C29,0.0004964814988757,0.0001751522294452,0.0040775027560898,0.002826221823947,0.0022308314812025,0.0035747293506451,0.00082349711776,0.0017373962303395,0.000157302280589,0.0003925824625951,0.0004319175387704,0.0035600072406926,0.0028964624930161,0.0044579022625956,0.0052320711355484,0.005092887254442,0.010933717931657,0.0073082940384888,0.0569419767096422,0.0056947334528346,0.0009039393975318,0.0032023344828893,0.0028038880742543,0.0047810080071286,0.0129144415272047,0.0020213482747615,0.0136756517484798,0.0011499306659451,0.0040247310551701,0.0099011177433702,0.0023952965086738,0.0004755060743219,0.0002417708808635,0.0004469664580823,0.0009098582594301
C31T33,0.0007725175445826,0.0001456084799002,0.0062068653064922,0.0035500103398359,0.0015878952568352,0.0093968967440648,0.0040259859090493,0.0075674617497537,0.0002396287078132,0.0010512125444696,0.0026206888501071,0.0040756323264016,0.0058566373589751,0.0027861889141222,0.0062243604888421,0.0115163690257493,0.0062293419268519,0.0041792938962616,0.0051903055109434,0.0272001614709232,0.0005749647315448,0.0136051843710918,0.0045465677011685,0.0015747292926705,0.0011192674751588,0.00452734730546,0.0031529327710862,0.0046985854812147,0.005071376932788,0.0016147330694754,0.0028308049647963,0.0031122408849418,0.0016819147694756,0.0036121691476543,0.0027916936152797
D,0.0083960963902536,0.0017409709553287,0.0363350801153782,0.0106672640794099,0.0111591221645023,0.0168354280921612,0.0121237075670235,0.0302209062601322,0.0003836999554555,0.0063510757895044,0.0055040302575746,0.0227697843699774,0.0413787357504827,0.0331314660610648,0.0130501084645288,0.0016324371132995,0.0074665784296447,0.0062634705644234,0.0057560032826405,0.0081696598057543,0.0035416641968868,0.0043771554174404,0.0030372934649513,0.0123534175954803,0.0028743741330142,0.0046100925564736,0.0281511854561268,0.0388530872516397,0.0143401275397347,0.0063332344940503,0.0060971183857153,0.004951698593503,0.0122695228239397,0.0060850596603054,0.0082069945810449
E,0.0056606558539769,0.0001034031234074,0.0038056692390171,0.0012752464327566,0.0042630726228322,0.0017018643149996,0.0004803733186933,0.0021105693643209,3.9693098840226464e-05,0.0007592090598947,0.0006653864786463,0.0013823140595601,0.0020633006929945,0.000857935907141,0.0013617130952125,0.0001718354856104,0.0003236955966609,0.00076583919565,0.0003869964635352,0.0015089842229452,0.0004593790380899,0.0121461325652783,0.000764916630134,0.0003981918572245,0.0003941250364654,0.0012293580150596,0.0012968959920477,0.0049977755866077,0.0060856523193456,0.0001643740250364,0.0027945125934528,0.0006060021022373,0.0011725188962111,0.0033838275875471,0.002820926009157
F,0.0018268218858245,0.0020469597899017,0.0007550931029795,0.0235748259460949,0.0003268466005471,0.0006270026423682,0.0003888736389422,0.0004465842423055,0.000283732150969,2.595586529554808e-05,0.0001867751519007,0.00074052538905,0.0001421276011801,0.0004899486920682,0.0006744131102472,0.0006025546962525,0.0026003546265092,0.0002078706388192,0.0001684572841271,0.0004084829902877,0.0013751733785401,0.0237617008375336,0.0545805807924294,0.0007738360441645,0.0010442527401215,0.0010284052625979,0.0009474330001786,0.0028123869906938,0.0011545475144857,4.834530148130004e-05,0.0015968643391159,0.0018054929889668,0.0004681690467589,0.0001481790975164,9.683230471847376e-05
G,0.0663617490717329,0.0148773881637187,0.0397934065270247,0.0397911353139863,0.1166743068783418,0.0956056886239734,0.1092048677829627,0.1225537277549047,0.0960499486194887,0.1050596092668928,0.1042263714841036,0.1213035440996582,0.0919075484459081,0.0712423248380856,0.0888421143065787,0.0958288066364673,0.0812152252022198,0.0794229948688774,0.0727780996424835,0.0856708972689307,0.0680532998233613,0.0543259938606131,0.0478922465268854,0.0138645624579485,0.0513505629081903,0.1038334692719599,0.0215890470532503,0.0395893550762154,0.0197352093831263,0.0136430440780228,0.0085649996370762,0.0077207170488591,0.0086205992983054,0.0098648412297407,0.013194771786355
H49,0.0092797951199127,0.003085211559625,0.0104957941314164,0.0091335217481215,0.0166062896870381,0.0103089005875096,0.019352182267362,0.017184316940225,0.0181103438745462,0.0168372453689058,0.0137046267707159,0.0171198499201878,0.0225443781182305,0.0227058625620321,0.0180716939796816,0.0112382668582481,0.0159438064444196,0.0145892366771331,0.0245549256113121,0.0147726672016992,0.0117067561319692,0.0084321825141168,0.0104978004867651,0.002581708247577,0.0141134865777206,0.0158516259441824,0.0054516226731589,0.0047662284615644,0.0045318687484489,0.0026847757422615,0.0019960804238948,0.0020378831756655,0.0011788077341526,0.0026939445761591,0.0047648802019958
H51,0.0006460010236336,0.0002595629424308,0.0009816210338734,0.0011201488936375,0.0011394120732996,0.0036439439280494,0.001143745996889,0.0021411573261227,0.0011305182595605,0.0014178391417693,0.0013190995102988,0.0018979391452691,0.0015241959988629,0.0024791824375473,0.0026632874417405,0.0064822675953319,0.0040785645179273,0.0031071190223515,0.0032302822456266,0.0031573332308121,0.0011114008986046,0.0007958464395346,0.0007612885670662,0.0003314507531823,0.0007561009007721,0.0321169781434329,0.001126047418245,0.0003460198610196,0.0017048458625117,0.0006768342207382,0.0003629237134354,0.0028870011655261,0.0001327643565435,0.0014647868164328,0.0014287332507518
H52,0.0012498298736176,0.0005761031161269,0.001034477551082,0.0009909009443716,0.0027372368471135,0.002023508527643,0.0029737395919114,0.0031383248808598,0.0023007296179612,0.002582608596907,0.0036421154620642,0.0051452801105851,0.0035580909812685,0.0036966944234166,0.0036985330440945,0.0015917392351286,0.0020536687299263,0.0026694966248372,0.0034761388224608,0.0058725436956657,0.0014048107358363,0.0029370523363777,0.0012232619310365,0.0052031003948548,0.0053701024606023,0.0021868387767887,0.0264116363410448,0.0008403339481906,0.0012300786602932,0.0002965178490853,0.0048268853886912,0.0017196873815703,0.0001481370715117,0.0002331998911733,0.0005663776313722
I,7.475976237897066e-05,0.0007544207473091,0.0012987601371249,0.0026452746949748,0.0006114927539349,0.0010626473354423,0.0002973739591911,0.0021044517719606,0.0001499517067297,0.000859788037915,0.0049612149723631,0.0011025600236968,0.0014408798188608,0.0012154092017831,0.0011383406000987,0.0016810484677814,0.0022370962347008,0.0015973217509272,0.0020761222043773,0.0019366899421876,0.0006668405391628,0.0031454883086368,0.0024598267599885,0.0015575930632543,0.0027719730661379,0.009598449117581,0.0014677445658504,0.0008533422136425,0.0072725703248918,0.0024720564157438,0.0035203600203237,0.0032802768660931,0.0002829977073691,0.0020526448754323,0.0067508559610332
J58T60,0.000253033041898,0.0007734131577309,0.0024313997915943,0.0024212449162473,0.001242017082079,0.0007532174599878,0.00041174855888,0.0012541064338718,4.557355792766742e-05,0.0005645400701781,0.0061752534597178,0.0008831450936078,0.0008625675106105,0.0003070064765749,0.0007646212332739,0.0003549759373795,0.0005466858965828,0.0005634388367996,0.000762610678143,0.0009851648589291,0.0004297416807938,0.0031454883086368,0.0003374098653081,0.001158950252624,0.0003095846207886,0.0046810170573424,0.0010328572870799,0.0024845787013068,0.0293924058827972,0.0020208336019183,0.0013791101110546,0.0027904698572051,0.0015868834405813,0.0040785689300011,0.0012003551735856
J61,0.0002837037136432,0.0006130328030582,0.0024842563088028,0.0014475770317777,0.0015407300511866,0.0014820062455977,0.0010064964772623,0.0022023332497262,0.0002352183634976,0.0007624535430567,0.0017043232610941,0.0020241027300702,0.0029601748659589,0.0001997644881823,0.0015893812152322,0.0001254851243602,0.0006797607529878,0.0010885857138168,0.0007079758832909,0.0028641866142526,0.0005156900169525,0.0028991548868761,0.0046765732944324,0.0027332285918889,0.0024695327058291,0.0082981666016525,0.0057311930666542,0.0034081655483894,0.0244073502595034,0.0302577126870963,0.0118676054293387,0.0555662812564801,0.0021514813357771,0.0085288001865599,0.0065316130069536
J62_63,5.750750952228512e-06,0.000299658031099,0.0004983614479665,0.001783621699869,0.0002325161892499,0.000386787344318,9.149967975112088e-05,0.0005872888665936,1.1760918174881914e-05,0.0001200458769919,0.0005019582207332,0.0003236370218811,0.0006959351506062,0.000113550340651,0.0002147812453016,0.0007653462089361,0.0001366714741457,0.0006181416364889,0.0001388634369155,0.0003027579810367,1.185494291844985e-05,0.000852692613787,2.5396441474807637e-05,0.0003093540363035,0.0003572130239868,0.0006383205078194,0.0005669066312544,0.000369434738833,0.0051253277512219,0.0016534093106604,0.0144080714233868,0.0021934058390715,0.0003507774051835,0.0019919157371059,0.0005846478775455
K,0.005915605812859,0.0053621905424126,0.0151622695078303,0.0101675053422485,0.0050930147502974,0.0054394514948313,0.0034541129106048,0.0066008821568183,0.002008176778361,0.0045876991909881,0.0054748466400901,0.007284575678952,0.0126836631673871,0.0055198082260913,0.0071565110934513,0.0057033554270055,0.0044849823226238,0.0054155771692395,0.0053052662251112,0.004416421977346,0.0030733939516081,0.0104975935119566,0.0172326948950129,0.0056576614277906,0.0050140801466954,0.0169391349575044,0.0070979816570758,0.0104690520356634,0.0093119112616938,0.0194090270346925,0.0262030921100384,0.077425259740724,0.0156682903514552,0.0174438376928757,0.0169748857196101
L,8.434434729935151e-05,6.752857038851086e-05,0.0098690668559433,0.0009736678844695,0.0049730330868054,0.0091363242173663,0.004369109708116,0.009684148706435,7.791608290859267e-05,0.0015589741593138,0.0056149280040156,0.0064069159585964,0.0095274502308348,0.0016254520985785,0.00802422732447,0.0033191380641602,0.0037009196551562,0.0035939739395862,0.0036684988293356,0.0149216433510983,0.0002815548943131,0.0049266684352143,0.0021351151154177,0.0279482882710626,0.0053165205070043,0.0096220906178706,0.0975312381085509,0.0099825429077635,0.0554938118411256,0.0214588678174997,0.0364375408289177,0.0202072205418624,0.0242658305773083,0.023174239185355,0.0134176687896692
M,0.0013514264737737,0.0085064896011277,0.0264056058111965,0.0679844213138484,0.0118210899630787,0.0116565491240284,0.0045292341476804,0.0168294965833246,0.0046102799245537,0.0106646161533083,0.0399465356127684,0.0078166568844177,0.0157075504062889,0.0104844814534443,0.0086427973109388,0.0124026783725822,0.0099446480529709,0.0120346159316433,0.0078230196878759,0.0134703273150172,0.0084851753938804,0.0155569030204267,0.014566673217336,0.012678555000983,0.0180047271190174,0.034469307422249,0.0307216799074311,0.0151364176797937,0.0819836636921782,0.0204790697074786,0.0611163533425274,0.0567443207413604,0.0136495733722216,0.0678951766489175,0.0301988898998425
N,0.0027028529475474,0.0024616274174436,0.051293474485404,0.0444095953677534,0.0268361745542888,0.0338255711220497,0.0100420898526855,0.0424622085731939,0.0009085309290096,0.014525551116021,0.0682955016372009,0.0459783986001327,0.0575763813332549,0.0150601396248633,0.0390085697716875,0.0121053577626115,0.0265538287794158,0.034495585484065,0.0241702055975623,0.0283439138437288,0.0024806468056856,0.0201993405843786,0.018551495820169,0.0461514734451577,0.010950960605357,0.077508658699481,0.0539881493216535,0.0694303160228008,0.1683265535138168,0.0200504080343445,0.2308557741162807,0.0401445109437901,0.0052225305305613,0.0624028333786777,0.0327439351917827
